id,size,hash
fBjS09mEwASybjCqv5fPBlcKyyDcja4l,100,f5ffba886446b52d90f005b8d331b4c996fdce66c132c6da3b6a960e311d9661
fBjS09mEwASybjCqv5fPBlcKyyDcja4l,90,1d9fba62400d27426abe0caa02b64a653acea484e9423474bece260359891092
fBjS09mEwASybjCqv5fPBlcKyyDcja4l,80,e55d7c465f33cac7e9490930a380de86f2c229fb6ca42a3b09c92f483b8ce1b1
fBjS09mEwASybjCqv5fPBlcKyyDcja4l,70,9eba3dda5d4d80b67d3ba637fe640cfc3d80918057fb806ebf0f0fa36fd2fb74
fBjS09mEwASybjCqv5fPBlcKyyDcja4l,60,5cef47102bb9ce055f53f16d4bdc64cb787b750f651772bdd228893db6561f02
fBjS09mEwASybjCqv5fPBlcKyyDcja4l,50,070c10adf65121386c51212ace18e99c75acd4c2b403a32ad25311f49d73a62b
fBjS09mEwASybjCqv5fPBlcKyyDcja4l,40,980425611b807df8987d596ebdb53fb8a2f7f6b7a5b9cdda59f620c82270f1e7
fBjS09mEwASybjCqv5fPBlcKyyDcja4l,30,f91dd62dc30ea8cda935ad8736f03eb55622ca8b2b5b4e9ac270e218c64ed5cb
fBjS09mEwASybjCqv5fPBlcKyyDcja4l,20,afa89b08ddd509f36e15bad49be2609ca2e6c09b17cbfc706540f270d379bb70
fBjS09mEwASybjCqv5fPBlcKyyDcja4l,10,3b58ee3e30a99291a1c6accc63f4f5603e09eb2d1af2f593b7f4b83719044b4c